{
  "epoch": "2024-01-01T00:00:00 UTC",
  "position_eci_km": [5876.261, 3392.661, 0.0],
  "velocity_eci_km_s": [-2.380512, 4.123167, 6.006917]
}
